Name,Count
A,1
A-J,1
A-Jay,1
Aadam,3
Aadhi,1
Aadith,1
Aahid,1
Aahil,2
Aaqib,1
Aaran,6
Aarav,2
Aari,1
Aarib,1
Aarin,1
Aariz,1
Aarne,1
Aaron,157
Aaron-David,1
Aaron-Jnr,1
Aaron-Joseph,1
Aaronjit,1
Aarron,1
Aarsh,1
Aart,1
Aarush,1
Aary,1
Aaryan,1
Aaryn,3
Aasim,1
Aatheip,1
Aatif,1
Aayaan,1
Aayan,3
Aayden,2
Aayush,1
Abbas,1
Abdalla,1
Abdallah,3
Abdrahmen,1
Abdul,11
Abdul-Raheem,1
Abdul-Rahim,1
Abdul-Rehman,1
Abdulaziz,1
Abdulhadi,1
Abdullah,14
Abdullateef,1
Abdulmalik,1
Abdulrahman,4
Abdulsamad,1
Abdulwahab,1
Abdurahman,1
Abdurrahman,1
Abe,1
Abel,13
Abhaaj,1
Abhainn,1
Abhiram,1
Abijith,1
Abner,1
Abraham,1
Abrar,1
Abu,1
Abu-Bakr,2
Abubakar,1
Abubakr,1
Ace,5
Ackie,1
Adair,2
Adam,201
Adam-James,1
Adamas,2
Adar,1
Adebayo,1
Adeel,1
Adeem,1
Adelin,1
Adem,3
Ademar,1
Ademide,1
Aden,1
Aderemi,2
Adhain,1
Adharva,1
Adhvik,3
Adi,2
Adie,2
Adil,1
Adilet,1
Adley,1
Adnan,3
Adom,1
Adomas,2
Adrian,9
Adriano,1
Adriel,1
Adrien,1
Adrijus,1
Adson,1
Advik,1
Advith,1
Adwaith,1
Ady,1
Adyan,1
Aedan,3
Aekan,1
Aengus,1
Aeron,1
Aeryn,1
Afan,2
Affan,2
Afonso,1
Afrad,1
Aftaab,1
Afzaan,1
Agampreet,2
Agastya,1
Aggelos,1
Ahaan,3
Ahil,1
Ahmad,8
Ahmed,8
Ahsan,1
Ahyan,1
Aidan,94
Aiden,62
Aijay,1
Ailbe,2
Airryn,1
Aizan,1
Aj,4
Ajay,8
Aji,1
Ajit,1
Akash,1
Akira,1
Aklen,1
Akos,1
Akram,2
Aksel,3
Akyedea,1
Al,5
Alan,33
Alan-James,1
Alan-Linzie,1
Alasdair,29
Alastair,3
Alba,1
Albadr,1
Albaraa,2
Albban,1
Albert,16
Alberto,2
Albi,4
Albie,28
Alby,2
Aldrei,1
Alec,3
Alec-Jnr,1
Alejandro,2
Aleks,1
Aleksandar,1
Aleksander,9
Aleksandr,2
Aleksei,1
Alessandro,4
Alessio,2
Alex,70
Alex-Boris,1
Alex-Junior,1
Alexander,294
Alexander-James,2
Alexandre,1
Alexandros,4
Alexandru,3
Alexei,2
Alexis,2
Alexzander,1
Aley,1
Alfie,249
Alfie-Jac,1
Alfie-James,1
Alfie-John,1
Alfie-Ray,1
Alfiie,1
Alfonzo,1
Alfred,8
Alhussin,1
Ali,15
Alimkhan,1
Alisdair,1
Alistair,17
Alister,1
Aliyan,1
Allan,8
Allan-Matthew,1
Ally,6
Almir,1
Almuthanna,1
Alp,1
Alphie,1
Alpi,1
Altayeb,1
Alvi,1
Alvin,1
Aly,1
Alyaan,1
Amaar,2
Aman,1
Amar,1
Amari,1
Amarrai,1
Amaru,1
Ameer-Abdullah,1
Amelia,1
Amen,1
Ames,1
Amii,1
Amin,2
Amir,9
Amjad,1
Ammar,1
Amr,1
Amrinder,1
Amrjai,1
Amro,1
Anakin,2
Anas,4
Anastasios,1
Anay,1
Ander,3
Anders,5
Anderson,1
Andile,1
Andre,4
Andrea,1
Andrei,6
Andres,2
Andrew,103
Andrew-Junior,1
Andy,3
Angad,1
Angus,116
Angus-James,1
Anmol,1
Anoakh,1
Anselm,1
Anshdeep,1
Anson,1
Antanas,1
Antek,1
Anthony,42
Anthony-Joshua,1
Anton,8
Antoni,29
Antonii,1
Antonio,9
Antonio-Manuel,1
Antony,1
Antony-James,1
Anuoluwapo,1
Anzar,1
Aodhan,3
Aonghus,1
Aoun,2
Aram,2
Arann,1
Aras,2
Arban,1
Archer,22
Archibald,16
Archie,243
Archie-Jake,1
Arda,1
Arden,1
Ares,1
Argyll,3
Arhaan,1
Arham,2
Ari,8
Aria,1
Arian,2
Aric,1
Ariel,2
Ariis,1
Arijus,1
Arin,1
Ario,1
Arion,1
Aris,2
Arish,1
Arit,1
Ariz,1
Arjan,3
Arjun,4
Arlan,1
Arlen,2
Arlie,1
Arlie-James,1
Arlo,107
Arloh,1
Armaan,1
Armandas,1
Armando,1
Armani,1
Armin-Matei,1
Arnas,2
Arnav,1
Arno,1
Aron,11
Arons,1
Aros,1
Arowe,1
Arran,118
Arrey-James,1
Arrin,2
Arron,4
Arrow,1
Arryn,4
Arryon,1
Arsh,1
Arsha,1
Arshan,1
Artemis,1
Arthur,123
Artin,1
Artiom,1
Artur,11
Arun,2
Arush,1
Arvin,2
Arwyn,1
Arya,2
Aryaan,1
Aryan,6
Aryn,1
Asem,1
Aser,1
Ash,3
Ashar,1
Ashen,1
Asher,12
Ashley,1
Ashneer,1
Ashti,1
Ashton,21
Ashton-James,2
Ashton-Lee,1
Ashtyn,1
Ashwin,2
Asim,1
Aslan,1
Astile,1
Aston,7
Astyn,1
Atanas,1
Athel,1
Atholl,2
Athos,1
Atilla,1
Atis,1
Atlas,3
Attal,1
Atticus,5
Auden,1
August,4
Augustas,1
Augustus,1
Auley,2
Aurimas,1
Auryn,1
Austen,3
Austin,56
Austyn,2
Avand,1
Aven,1
Avery,6
Avinash,1
Avir,1
Avraj,1
Avram,1
Avrick,1
Avtar,1
Avyaan,2
Awais,1
Awesome,1
Axel,7
Axel-Jay,1
Axl,4
Axton,1
Ayaan,13
Ayan,7
Ayansh,1
Ayaz,2
Aydan,4
Ayden,8
Ayden-Lawrence,1
Aydin,4
Aylan,1
Ayman,1
Aymen,1
Ayoob,1
Ayoub,1
Ayron,1
Ayrton,2
Ayub,1
Ayuba,1
Ayyub,1
Ayzan,1
Azaan,4
Azar,1
Azil,1
Aziz,1
Azlaan,1
B'john,1
Babalola,1
Bacary,1
Badara,1
Bader,1
Badou,1
Bailee,1
Bailey,23
Bailie,1
Baillie,1
Bakri,1
Balint,1
Baraa,1
Barclay,3
Barnabas,1
Barnaby,3
Barney,1
Baroque-Valentyne,1
Barry,3
Barry-Allen,1
Barsam,1
Bartosz,4
Baryalay,1
Basil,2
Bavjot,1
Bawan,1
Baxter,4
Beant,1
Bear,8
Beathan,1
Beau,8
Beauden,3
Beckett,1
Beinn,2
Ben,88
Benas,1
Benedict,1
Benedikt,1
Beniamin,2
Benjamin,94
Benji,1
Bennett,1
Benny,2
Bentley,5
Bentley-Alexander,1
Bento,1
Berat,1
Beren,1
Berkan,1
Bernard,1
Bert,1
Bertie,1
Bevan,1
Bhavyan,1
Bhraidain,1
Bhreac,1
Bilal,1
Bilisuma,1
Bill,1
Billiejoe,1
Billy,16
Bilsland,1
Binyamin,1
Bjorn,2
Blain,1
Blaine,5
Blair,93
Blaire,1
Blaise,1
Blake,109
Blane,3
Blaney,1
Blayke,1
Blayre,1
Blayton,1
Blaze,1
Blazej,1
Bleu,3
Blithe,1
Blue,2
Blyth,1
Blythe,1
Bo,2
Boaz,3
Bobby,20
Bobi,1
Bodhi,14
Bodi,1
Bodie,3
Bogdan,3
Bonham,1
Boris,1
Borys,5
Bos,1
Boston,1
Botond,1
Bowen,1
Bowie,4
Boyd,2
Braddock,1
Braden,1
Bradleah,1
Bradley,33
Brady,7
Brae,2
Braeden,1
Braedon,1
Braeghen,1
Braelen,1
Braiden,3
Braidyn,1
Bram,2
Bran,1
Branden,1
Brandon,13
Brannon,1
Brax,2
Braxton,2
Braxton-James,1
Braxtyn,1
Bray,1
Brayan,1
Braydan,2
Brayden,11
Braydon,1
Breccan,1
Breckin,1
Bremy,1
Brendan,10
Brenden,1
Brennan,1
Brett,2
Brian,8
Broc,1
Brochan,1
Brock,1
Brodan,1
Brodee,1
Broden,6
Broderick,1
Brodey,1
Brodi,2
Brodie,192
Brody,54
Brogan,4
Brook,2
Brooklyn,9
Brooks,1
Bruc,1
Bruce,8
Bruk,1
Brunel,1
Bruno,8
Bryan,4
Bryce,9
Brydon,2
Bryn,1
Brynjar,1
Bryson,5
Buddy,3
Buster,3
Buzz,1
Byron,1
C'jay,1
Cabe,1
Cabe-James,1
Caben,3
Cabhan,1
Cade,2
Caden,8
Caelan,20
Caelen,5
Caelin,1
Caelum,1
Caelyn,1
Caeryn,1
Cahl,1
Cai,3
Caiben,2
Caibyn,1
Caiden,18
Caiden-James,1
Caidyn,1
Cailan,2
Cailean,12
Cailein,1
Cailen,2
Cailin,1
Cain,8
Cainen,1
Caio,1
Cairn,9
Cairns,1
Cairo,3
Caisson,1
Cal,3
Calan,4
Calder,2
Caleb,138
Caleb-James,1
Caleb-Ray,1
Calen,2
Calin,1
Calinzi,1
Callan,72
Callen,22
Callin,2
Callum,156
Calton,1
Calub,1
Calum,53
Calum-Iain,1
Calvin,57
Calvin-Junior,1
Calyn,1
Camden,2
Cameron,175
Cameron-James,1
Camhanaich,1
Cammi,1
Cammy,3
Campbell,18
Can,1
Caoimhin,2
Caolan,1
Carey,1
Carl,1
Carlo,6
Carlos,1
Carlyle,1
Carrick,5
Carson,60
Carson-Alexander,1
Carter,113
Carter-Jacob,1
Carter-Jay,1
Carwyn,1
Cas,2
Casen,2
Casey,14
Casey-Jace,1
Cash,2
Cashen,1
Casian,1
Casimir,1
Cason,1
Caspar,1
Casper,5
Caspian,4
Cass,2
Cassian,3
Cassius,5
Catalin,2
Cathan,1
Cathel,1
Cavan,1
Cayd,1
Cayde,4
Cayden,14
Cayson,1
Cayson-Lee,1
Ceadda,1
Cealan,1
Cearney,1
Cedar,1
Cedric,1
Ceejay,3
Chael,1
Chanapratch,1
Chance,1
Charles,44
Charleston,1
Charley,5
Charlie,262
Charlie-James,1
Charlie-Owen,1
Charlie-Thomas,1
Charly,1
Chase,3
Che,3
Chester,11
Chidubem,1
Chiedozie,1
Chiemego,1
Chimaije,1
Chimdiadi,1
Chimerem,1
Chinemerem,1
Chisholm,1
Chizitere,1
Chris,3
Christian,8
Christie,2
Christo,1
Christopher,38
Christopher-James,1
Chukwuka,1
Chukwuneme,1
Chulainn,1
Churui,1
Cian,33
Ciaran,31
Ciaren,1
Cillian,39
Cillin,1
Ciro,1
Cj,2
Clai,1
Clark,8
Clarke,2
Claude-Samuel,1
Claudiu,2
Clay,4
Clayton,11
Cley,1
Clinton,2
Clota,1
Clovis,1
Clyde,3
Cobain,1
Coban,1
Coben,1
Cobi,1
Cobie,3
Coby,10
Cobyn,1
Codey,2
Codi,4
Codie,1
Cody,55
Cody-J,1
Coen,9
Cohan,1
Cohen,24
Cohnlan,1
Coire,1
Col-Joseph,1
Colby,16
Cole,104
Cole-Jackson,1
Cole-Jaxson,1
Coleby,1
Colestan,1
Coleton,1
Colin,6
Colin-Junior,1
Colinjames,1
Coll,3
Colson,3
Colt,4
Colten,2
Colton,22
Colton-Allen,1
Colton-James,1
Coltyn,1
Conaire,1
Conal,2
Conall,15
Conan,9
Conan-Lee,1
Conlan,7
Conlaoch,1
Conley,1
Conlin,1
Conlon,1
Conlyn,1
Conn,1
Connal,3
Connall,1
Connel,1
Connell,3
Conner,7
Connolly,2
Connor,113
Connor-Jaxon,1
Connor-Junior,1
Conor,50
Conrad,6
Conrad-Jackson,1
Constantin,1
Conway,1
Cooper,74
Copelan,1
Copeland,1
Coplan,1
Coray,1
Corbyn,1
Corbyn-Bleu,1
Coreigh,1
Coren,1
Corey,44
Corey-Jack,1
Corin,2
Cormac,4
Cornelius,1
Corrado,1
Corran,6
Corrie,5
Corry,1
Cory,4
Cosmo,2
Costas,1
Couper,1
Craig,23
Crawford,3
Crayg,1
Crew,2
Crinan,1
Cristi-Davit,1
Cristian,3
Cruize,2
Cruz,16
Csongor,1
Cuan,1
Cuillin,1
Cuipeir,1
Cullen,5
Culyn,1
Curtis,10
Curtis-Jay,1
Cyle,1
Cyrus,3
Daigan,1
Daisem,1
Dakotablu,1
Daksh,1
Dale,3
Dale-Junior,1
Daley,1
Dalington,1
Dalton,2
Daly,1
Damian,10
Damians,1
Damien,6
Damola,1
Damon,3
Dan,1
Danaidh,1
Dani-Ray,1
Daniel,201
Danielius,2
Daniels,2
Daniil,1
Danil,1
Daniyaal,1
Danny,19
Dano,1
Dante,3
Danvin,1
Danvith,1
Danyal,1
Dara,6
Darach,3
Daragh,1
Darah,1
Darby,1
Darcy,1
Darian,2
Dario,2
Darius,3
Dariusz,1
Darragh,13
Darren,10
Darren-Kevin,1
Darro-John,1
Darrow,2
Darryl,3
Darryn,1
Darshan,1
Darwin,1
Daryl,3
Dastan,1
Dava,1
Davi,1
David,102
David-Charles,1
David-Ethan,1
David-Nikolas,1
Davie,2
Davis,3
Davy,1
Dawar,1
Dawda,1
Dawid,8
Dawood,2
Dawson,7
Dawson-Alexander,1
Dawson-Darroch,1
Dawud,1
Dax,4
Daxxon,1
Dayyaan,1
Deacon,5
Deakin,1
Dean,19
Declan,22
Declan-John,1
Declyn,1
Deeko,1
Deen,2
Deeshan,1
Deimantas,1
Deivid,1
Deividas,1
Deker,1
Del,1
Delan,1
Demetrio,1
Demian,1
Demilade,1
Demiray,1
Denholm,1
Deniam,1
Denim,1
Denis,5
Denith,1
Deniz,1
Dennis,3
Dennon,1
Denny,1
Denver,1
Deon,1
Derek,4
Derek-Anthony,1
Deri,1
Derren,1
Derri,1
Derry,1
Derryn,1
Derwyn,1
Desmond,3
Dev,1
Devan,2
Devhardhan,1
Devin,5
Devlen,2
Devlin,4
Devlin-James,1
Devon,4
Devran,1
Devyn,3
Dex,1
Dexter,13
Dhahawi,1
Dhananjay,1
Dhaneesh,1
Dhruv,1
Diako,1
Diarmuid,1
Dickson,1
Didier,1
Diego,3
Dilan,2
Dilans,1
Dildeep,1
Dilkirat,1
Dillon,6
Dimitri,1
Dimitrie,1
Dimitrios,1
Dino,1
Dipin,1
Divine,1
Divit,1
Divyansh,1
Diyaan,1
Domas,2
Dome,1
Domingo,1
Dominic,35
Dominic-Ares,1
Dominik,13
Dominiks,1
Dominykas,2
Don,1
Donal,1
Donald,6
Donnacha,1
Donncha,2
Donnie,3
Donovan,3
Dorian,1
Dorran,1
Dougie,1
Douglas,12
Draeden,1
Drake,4
Dre,1
Drew,14
Dru,1
Druvakrishnaa,1
Duarte,1
Dughall,1
Duke,1
Duncan,23
Duncan-John,1
Dune,1
Dwayne,2
Dylan,113
Dylan-Jay,1
Eamon,1
Eamonn,1
Easa,1
Eason,1
Easton,3
Eban,1
Eben,2
Ebenezer,1
Echo,1
Eck,1
Edden,1
Eddie,6
Eddy,3
Eddy-Joe,1
Eden,13
Eden-Avery,1
Edenas,1
Edgar,3
Edis,1
Edison,1
Edmond,2
Edmund,1
Edrey,1
Edson,1
Eduard,1
Edvardas,1
Edward,46
Edward-Gabriel,1
Edwyn,1
Eeligh,1
Eelih,1
Eero,1
Eesa,4
Efemena,1
Eghosa,1
Egon,1
Ehaan,1
Ehan,1
Ehsan,1
Eibaad,1
Eigan,1
Einar,2
Eion,1
Eirik,2
Eirnin,1
Eitan,1
Ejaz,1
Ekam,2
Ekamjot,1
Ekamveer,1
Ekvir,1
Elan,1
Eldin,1
Eldon,1
Elessar,1
Eli,43
Eliah,1
Elias,13
Eliass,1
Elii,1
Elijah,72
Elio,2
Elis,4
Elison,1
Ellias,1
Ellice,1
Ellijah,1
Elliot,65
Elliott,27
Ellis,54
Ellison,1
Ellyott,1
Eloden,1
Eloi,1
Elon,1
Elsir,1
Eltayeb,2
Elton,1
Elvin,3
Elvis,1
Elyas,3
Elyoth,1
Emanuel,5
Emerson,1
Emil,4
Emile,1
Emilis,1
Emin,1
Emit,1
Emlyn,1
Emmanuel,6
Emmet,1
Emmett,2
Emran,1
Emre,1
Emry,1
Emwnt,1
Endi,1
Enes,1
Eniobafe,1
Ennis,1
Enoch,3
Enzo,8
Eogan,1
Eoghan,3
Eoghann,2
Eoin,8
Ephraim,1
Erdi,1
Eren,1
Eric,18
Erick,1
Erick-Andrei,1
Erik,6
Erikas,1
Eriks,1
Ernest,4
Ernie,4
Errol,1
Eryk,5
Esam,1
Essey,1
Eszkiem,1
Etash,1
Ethan,196
Ethan-Edward,1
Ethan-James,1
Euan,58
Euen,1
Eugene,2
Eugeniusz,1
Evaahn,1
Evan,48
Evanas,1
Evander,1
Evangelos,1
Evans,1
Everest,1
Everett,3
Everly,1
Evren,2
Evyn,1
Ewan,15
Ewen,2
Ewyn,1
Eyoab,1
Ezekiel,5
Ezra,33
Ezrah,1
Fabian,9
Fabien,1
Faisal,3
Fallon,3
Fansu,1
Faraz,1
Fardeen,1
Farhan,2
Faris,2
Farran,1
Farrell,1
Farren,1
Farren-James,1
Fawad,1
Fearghas,2
Fearghus,1
Federico,2
Felan-Magnus,1
Felix,32
Fen,1
Fergal,1
Fergie,1
Fergus,41
Fernando,1
Fhionnlagh,1
Fidel,1
Filip,26
Filippo,1
Fillip,1
Fin,1
Finbar,2
Finch,1
Findlay,22
Findley,1
Finian,1
Finlay,218
Finley,34
Finn,208
Finnegan,1
Finnian,1
Finnlay,4
Finnley,2
Fionn,13
Fionnlagh,3
Firas,1
Fitheach,1
Fitzwilliam,1
Fivos,1
Flavius,1
Fletcher,15
Flint,1
Floyd,2
Flyn,1
Flynn,33
Forbes,3
Ford,1
Forde,1
Forest,1
Forrest,4
Fox,5
Foxx,1
Francis,19
Franciszek,16
Franco,3
Francois,1
Franek,2
Frank,11
Franki,1
Frankie,62
Frankie-Blu,1
Franklin,1
Franky,5
Frano,1
Fraser,100
Frazer,4
Fred,2
Freddi,1
Freddie,145
Freddie-James,1
Freddy,12
Frederick,22
Frederik,1
Fredrick,3
Frey,2
Friedrich,1
Fyfe,1
Fyn,1
Fynlay,1
Fynley,2
Fynn,9
Gabe,1
Gabriel,62
Gael,3
Gage,2
Gamaliel,1
Gareth,1
Garry,3
Gary,9
Gary-Junior,1
Gasim,1
Gavin,2
Gene,3
Gennaro,1
Geo,1
Geoffrey,1
Geordie,1
George,110
Georgeo,1
Georgie,1
Georgios,1
Georgy,1
Gerald,2
Gerard,5
Gerson,1
Gheorghe,1
Giacomo,1
Gianluca,1
Gideon,2
Gighian,1
Gilbert,1
Gilroy,1
Giorgio,1
Giovanni,3
Glen,7
Godfrey,1
Gordon,7
Gracen,1
Grady,1
Graeme,2
Graham,3
Grant,3
Grantas,1
Gray,3
Grayson,75
Greg,2
Gregor,34
Gregory,1
Gregory-Ozzy,1
Greig,6
Grey,1
Greyson,7
Greysyn,1
Grier,2
Griffin,2
Grzegorz,2
Guillaume,1
Guillermo,1
Guinan,1
Gulliver,1
Gunnar,2
Gurbaaz,1
Gurdas,1
Gurtaaz,1
Gus,4
Gustav,1
Guy,4
Haadi,2
Haaris,1
Hadfield,1
Hadi,5
Hadley,1
Haig,1
Haigen,1
Hajid,1
Hakeem,1
Hamad,1
Hamdan,2
Hamid,1
Hamish,106
Hammad,1
Hamza,11
Hamzah,1
Hanan,1
Hanlon,1
Hanton,1
Hari,3
Harijs,1
Haris,16
Harjeet,1
Harlan,1
Harlee,1
Harlem,1
Harlem-Ace,1
Harlen,1
Harlen-Jay,1
Harley,34
Harley-Owen,1
Harlie,1
Harlo,3
Harlow,1
Harly,1
Harlyn,2
Harnek,1
Haroon,1
Harper,4
Harrai,1
Harri,1
Harris,294
Harrison,146
Harry,262
Harry-James,1
Hartaaj,1
Harun,1
Harveer,1
Harvey,45
Harvi,1
Harvie,1
Haryad,1
Hasan,1
Hasher,1
Hashir,1
Hasnain,1
Hassan,5
Hatib,1
Hawre,1
Haxton,1
Hayden,29
Haydn,5
Haydyn,1
Haysam,1
Haytham,1
Hazik,1
Heath,1
Hector,15
Henderson,1
Hendrix,3
Hendrixx,1
Hendry,1
Henley,1
Henos,1
Henrich,1
Henrie,1
Henrijs,1
Henrik,1
Henry,67
Henry-Alexander,1
Henryk,1
Herbert,1
Herkus,1
Hetvik,2
Hew,1
Heyansh,1
Hideto,1
Hirad,2
Hiro,1
Hisham,1
Holden,4
Holden-Rhys,1
Horton,1
Houston,1
Hovan,1
Howie,5
Hristiyan,1
Hristo,1
Hritesh,1
Hubert,4
Hudson,29
Hugh,13
Hughie,1
Hugo,47
Humphrey,1
Humza,2
Hunter,161
Hunter-Arnott,1
Hunter-Lea,1
Husayn,1
Husni,1
Hussain,3
Hussein,1
Huw,1
Huxley,1
Huzaifa,1
Huzaifah,1
Hyder,1
Hyesung,1
Iacob,1
Iain,5
Ian,15
Iani,1
Ianto,1
Ibraheeem,1
Ibraheem,2
Ibrahim,24
Ibrar,1
Idrees,2
Idris,3
Idrisse,1
Ieremia,1
Ifechukwu,1
Ifechukwude,1
Ignacy,2
Ignas,1
Igor,11
Ihsane,1
Iker,3
Ikram,1
Ilex,1
Ilhame,1
Iliass,1
Ilya,1
Ilyes,1
Imaduddin,1
Imran,1
Imranullah,1
Indi,2
Indiana,3
Indie,1
Indio,1
Indy,1
Inis,1
Innes,70
Inness,1
Innis,3
Inyo,1
Ioan,1
Ioannes,1
Ionatan,2
Irvine,3
Is'haaq,1
Isa,1
Isaac,99
Isaac-Cole,1
Isaak,1
Isac,2
Isaiah,5
Isaias,1
Isak,1
Isam,1
Ishaac,1
Ishaan,2
Ishak,1
Ishan,1
Ishaq,2
Isiah,1
Isidor,1
Iskander,1
Ismaeel,3
Ismael,1
Ismail,7
Israel,1
Issa,1
Issac,3
Iustin,1
Ivan,7
Ivar,6
Iver,1
Ivo,4
Ivor,10
Izaac,1
Izach,1
Izak,1
Izan,2
Izyan,1
Izzeldin,1
Jaachi,1
Jaap,1
Jac,1
Jace,13
Jack,422
Jack-Junior,1
Jackson,105
Jacob,251
Jacx,1
Jad,4
Jadalla,1
Jaden,3
Jae,1
Jaeden,2
Jai,6
Jaiden,12
Jaidyn,3
Jaimie-Joe,1
Jaison,1
Jak,2
Jake,72
Jakob,9
Jaks,1
Jakson,2
Jakub,26
Jamaal,1
James,323
James-Alexander,1
James-Dean,1
James-Drew,1
James-Joe,1
James-John,1
James-Patrick,1
Jamie,144
Jamie-John,1
Jamie-Lucas,1
Jamie-Ryan,1
Jamieson,1
Jamis,1
Jan,28
Janaka,1
Janusz,1
Jaquson,1
Jared,2
Jareth,1
Jari,1
Jarrah,1
Jase,5
Jasfateh,1
Jashwin,1
Jasim,1
Jasnoor,1
Jason,25
Jasper,24
Jasvir,1
Javraj,1
Jawad,4
Jawan,1
Jax,61
Jax-Jamie,1
Jaxen,3
Jaxin,1
Jaxn,1
Jaxon,150
Jaxon-Graham,1
Jaxon-James,3
Jaxon-Mathew,1
Jaxon-Taylor,1
Jaxson,42
Jaxsyn,1
Jaxx,9
Jaxx-Josh,1
Jaxxon,2
Jaxyn,3
Jay,32
Jay-David,1
Jay-Junior,1
Jayce,10
Jaydan,1
Jayden,64
Jayden-Jack,1
Jayden-Jake,1
Jayden-Lee,2
Jayden-Paul,1
Jayden-Scot,1
Jaydon,1
Jayjay,1
Jayme,1
Jaymi,1
Jayraj,2
Jayson,3
Jed,2
Jedd,1
Jeddie,1
Jedidiah,1
Jeevan,2
Jeff,1
Jeffrey,4
Jenil,1
Jens,1
Jensen,17
Jenson,24
Jeremi,1
Jeremiah,3
Jeremy,5
Jeremy-James,1
Jerome,1
Jerren,1
Jervaise,1
Jerzy,1
Jesse,7
Jessen,1
Jesuteniola,1
Jet,1
Jethro,2
Jett,3
Jett-James,1
Jezioranachukwudinma,1
Jhonpaul,1
Jia,1
Jiansh,1
Jiaxi,1
Jibran,1
Jibreel,2
Jimmi,1
Jimmie,1
Jimmy,2
Joaquin,2
Jock,3
Joe,20
Joel,24
Joey,45
Joey-James,1
John,85
John-Kaynan,1
John-Lee,1
John-Paul,4
John-Robert,1
Johnathan,3
Johnathon,1
Johnnie,2
Johnny,8
Johnthomas,1
Jokubas,5
Jon,3
Jonah,19
Jonas,6
Jonathan,11
Jonny,4
Joonas,1
Joran,1
Jordan,26
Jordan-Jack,1
Jordan-James,2
Jordan-Junior,1
Jordi,2
Jordon-Junior,1
Jordon-Thomas,1
Jordy,1
Jorge,1
Josaia,1
Jose,1
Josef,1
Joseiah,1
Joseph,100
Joseph-James,1
Josh,82
Josh-Junior,1
Joshua,183
Joshua-James,2
Joshuah,1
Joshy,1
Josiah,5
Joszko,1
Joude,1
Jovante,1
Joy,1
Jozef,1
Jozeph,1
Judah,4
Jude,125
Juha,1
Jules,3
Julian,13
Julien,1
Julius,3
Junior,24
Junjie,1
Junlin,1
Justin,6
Jye,1
Kabir,1
Kacey,1
Kacper,22
Kade,9
Kade-Dean,1
Kaden,1
Kaden-Lee,1
Kadirhan,1
Kadosa,1
Kaeden,1
Kaeem,1
Kaelan,3
Kaelin,2
Kafka,1
Kai,100
Kaid,1
Kaidan,3
Kaiden,32
Kaiden-Paul,1
Kaiden-Zack,1
Kaidyn,1
Kaif-Musa,1
Kaillan,1
Kain,2
Kainan,1
Kairo,6
Kaiser,1
Kaison,3
Kaius,1
Kaizer,1
Kajetan,2
Kajus,7
Kal,5
Kal-El,2
Kalab,1
Kalan,2
Kalani,1
Kale,1
Kaleb,22
Kalel,1
Kaleo,1
Kalib,1
Kalin,1
Kallan,4
Kalle,2
Kallen,2
Kallik,1
Kallum,2
Kalob,2
Kalum,1
Kalvin,6
Kalvin-Stephen,1
Kamaran,1
Kamdyn,1
Kameron,1
Kami,1
Kamil,5
Kaminieli,1
Kamwike,1
Kanan,1
Kane,5
Kanishk,1
Kanvir,1
Karam,4
Karl,1
Karlis,1
Karol,1
Karson,9
Karter,9
Karv,1
Kasen,2
Kasey,1
Kash,1
Kasim,1
Kasjan,2
Kason,2
Kaspar,1
Kasper,5
Kaspian,1
Kaspin,1
Kasyn,1
Kavan,1
Kaven,2
Kavish,1
Kaya,1
Kayah,1
Kayan,2
Kaydan,1
Kayden,64
Kayden-John,1
Kayden-Jordan,1
Kaydence,1
Kaydin,1
Kaydn,1
Kaylan,1
Kayleb,2
Kaylem,1
Kaylin,1
Kaylub,1
Kayn,1
Kayne,1
Kaysen,1
Kayson,10
Kazimierz,1
Keaivhan,1
Keane,1
Keanu,2
Keatin,1
Keating,1
Keaton,2
Keaven,1
Keddie,1
Keegan,13
Keegian,1
Keelan,2
Keenan,4
Keerit,1
Keevin,1
Keiden,1
Keighan,1
Keilan,1
Keir,19
Keiran,2
Keita,1
Keith,2
Keitu,1
Kell,1
Kellan,4
Keller,1
Keltie,1
Kelvin,3
Kelvin-John,1
Kenan,2
Kendrick,5
Kenly,1
Kennedy,2
Kenneth,5
Kenny,3
Kenton,1
Kenzi,3
Kenzie,8
Kenzo,2
Kern,1
Kerr,13
Kevan,1
Kevin,21
Keyan,1
Khai,2
Khair,1
Khaknazar,1
Khal,1
Khaleo,1
Khalid,3
Khalifa,1
Khalil,2
Khalon,1
Khan-Balaaj,1
Khizar,1
Khizr,1
Khoa,1
Khodi,1
Khole,2
Khylan,1
Kiaan-Alexander,1
Kian,48
Kiansh,1
Kien,1
Kier,1
Kieran,41
Kiernan,2
Kieron,1
Kilian,1
Killian,15
Kim,1
Kingsley,7
Kingsley-Ray,1
Kingsly,1
Kingston,4
Kinnes,1
Kinnon,1
Kion,1
Kirin,1
Kirk,1
Kirthick,1
Kit,13
Kitt,2
Kiyaan,1
Kiyan,3
Klae,1
Klark,1
Klay,6
Klaye,1
Klayton,2
Klyde,1
Knox,2
Koa,4
Koah,1
Koban,2
Kobe,6
Koben,2
Kobi,9
Kobie,3
Kobin,1
Kobus,1
Koby,4
Koda,4
Kodi,3
Kodie,1
Kodie-James,1
Kody,7
Koen,5
Kofi,1
Kohan,1
Kohen,3
Kojo,1
Kolbie,1
Kolby,4
Kolden,1
Kole,7
Kolton,4
Koltyn,1
Konlin,1
Konnor,1
Konrad,5
Konstantinos,1
Konstantyn,1
Korae,1
Kordell,1
Kore,1
Korey,8
Kormorran,1
Kornel,4
Korr,1
Korvyn,1
Kory,2
Kosma,1
Koushik,1
Kray,2
Kraylogan,1
Kris,2
Krish,2
Krishan,1
Krishna,1
Kristers,1
Kristian,5
Kristijonas,1
Kristiyan,1
Kristof,1
Kristofer,1
Kristofers,1
Kristofor,1
Kristopher,2
Krithish,1
Kron,1
Kruise,1
Kruz,4
Krystian,1
Krzysztof,2
Ksawery,1
Kshathriya,1
Kuba,1
Kubo,1
Kudus,1
Kurban,1
Kurtis,2
Kushal,1
Kwaku,1
Kwasi,1
Kwynn,1
Kyan,1
Kyann,1
Kye,4
Kylain,1
Kylan,5
Kyle,56
Kylen,1
Kyler,2
Kylian,3
Kylin,1
Kylo,11
Kylor,1
Kyran,5
Kyren,6
Kyrie,1
Kyro,3
Kyron,1
Kyros,1
Kyrren,1
Kyryn,1
Kyson,3
Lachie,1
Lachlan,49
Lachlann,4
Laetyn,1
Laisenia,1
Laith,2
Laiton,2
Lake,1
Lamar,1
Landing,1
Landon,1
Landry,1
Laris,1
Larry,1
Lars,2
Lauchie,1
Lauchlan,15
Lauchlen,1
Laughlan,2
Laughlin,2
Laurence,2
Laurentiu,1
Laurie,4
Lawi,1
Lawrence,6
Lawrie,2
Lawson,11
Lawson-James,1
Lawsyn,1
Layad,1
Layden,1
Layland,1
Laylyn,1
Layo,1
Layson,1
Layten,1
Layth,1
Layton,17
Lazar-Francisco,1
Leandro,2
Lee,9
Lee-John,1
Lehnon,1
Leigh,1
Leigh-Roy,1
Leighton,18
Leighton-James,2
Leith,1
Leithan,1
Leland,2
Lennin,1
Lennon,23
Lennox,20
Lenny,5
Lenox,2
Leo,300
Leo-Alexander,1
Leo-Cruze,1
Leo-James,1
Leon,95
Leonard,7
Leonardo,11
Leonel,1
Leonidas,3
Leroy,3
Levi,38
Levi-Alexander,1
Levii,1
Levison,3
Levon,2
Lewi,1
Lewie,1
Lewin,1
Lewis,298
Lewis-Dean,1
Lex,3
Lexx,1
Leylan,2
Leyland,1
Leyton,12
Liam,151
Liam-Junior,1
Lian,1
Lincoln,16
Linden,1
Link,1
Linkin-Lee,1
Linus,1
Lio'nel,1
Lionel,1
Liston,1
Liulin,1
Liusaidh,1
Livio,1
Lizer,1
Lleyton,2
Lloyd,10
Llwyd,1
Lochey,1
Lochlain,1
Lochlan,51
Lochlann,8
Lochlen,1
Lochlie,1
Lochlin,1
Lochlyn,5
Lochlyn-Lee,1
Lochlynn,1
Lockie,5
Locryn,1
Logan,307
Logan-James,1
Loghan,1
Loki,1
Lokitvel,1
Lomond,5
Lonan,1
Lope,2
Lorcan,1
Lordswill,1
Lorenzo,5
Lorien,1
Lotan,1
Loughlin,1
Loughran,1
Loui,4
Louie,56
Louis,70
Lowrie,1
Luan,1
Luca,117
Lucah,2
Lucas,261
Lucas-James,2
Lucas-Lee,1
Lucas-Mihai,1
Lucas-Wyn,1
Lucca,5
Lucenzo,1
Lucian,4
Luciano,1
Lucien,1
Lucifer,1
Lucio,1
Lucis,1
Lucus,1
Lui,1
Luis,5
Luka,8
Lukacs,1
Lukas,14
Lukasz,3
Luke,134
Luke-Mcilroy,1
Lukis,1
Luqmaan,1
Lyall,14
Lyam,1
Lycan,1
Lydon,1
Lyle,65
Lynden,1
Lyon-Zander,1
Lyrin,1
Maaher,1
Mac,10
Macallan,2
Macan,1
Macaulay,2
Macauley,2
Maciej,2
Mack,15
Mackenzie,9
Mackie,1
Macsen,1
Macuilinn,1
Maddox,2
Madis,1
Magni,1
Magnie,1
Magnus,48
Mahad,2
Mahan,1
Mahdi,1
Mahesh,1
Mahib,1
Mahit,1
Mahith,2
Mahmoud,1
Maison,4
Majd,1
Makarem,1
Makenzie,1
Maks,1
Maksim,2
Maksym,2
Maksymilian,15
Malachi,5
Malachy,8
Malakai,2
Malaki,1
Malakie,1
Malcolm,15
Maleek,1
Malek,1
Malick,2
Malik,2
Mamoun,1
Manas,1
Manasseh,1
Mani,1
Mannie,1
Manny,2
Manolis,1
Mansoor,1
Manuel,1
Manvir,1
Marc,5
Marcel,13
Marcell,1
Marcelo,1
Marcin,1
Marco,10
Marcus,46
Mardin,1
Marek,1
Mareno,1
Marian,1
Marin,1
Mario,2
Marios,1
Mark,26
Mark-Jacob,1
Markas,2
Marko,1
Markus,1
Marley,7
Marlo,2
Marlowe,2
Marr,1
Marshal,1
Marshall,6
Martin,12
Marts,1
Marty,1
Martyn,1
Martynas,1
Marvellous,1
Marvelous,1
Marvin,1
Masab,1
Masen,1
Masih,1
Masin,1
Mason,193
Massimiliano,1
Massimo,1
Masyn,1
Matas,3
Matei,7
Matej,1
Mateo,12
Mateusz,7
Mathew,5
Mathias,2
Matias,3
Matt,1
Matteo,12
Matthew,151
Matthijs,1
Mattia,3
Mattis,2
Matty,1
Matvey,2
Matyas,1
Maverick,3
Mavrick,1
Max,219
Maxim,4
Maxime,2
Maximilian,9
Maximilien,1
Maximillian,2
Maximilliano,1
Maximus,8
Maxwell,17
Maxx,1
Mayson,5
Mazen,1
Mcaulay,1
Mccartney,1
Mckay,1
Mckenna-Jamieson,1
Mckenzie,5
Mckinley,3
Mclaren,1
Md,1
Meer,1
Mehdi,1
Mehmed,1
Mehmet-Ali,1
Mekaal,1
Memphis,2
Merlin,1
Messiah,1
Micah,7
Micaiah,1
Michael,97
Michael-Joseph,1
Michael-Lee,1
Michal,12
Micheal,1
Michele,1
Michi,1
Mickey,1
Mieszko,1
Miguel,1
Mihails,1
Mikaeil,1
Mikael,4
Mikail,1
Mike,1
Mikey,11
Mikhail,1
Mikolaj,12
Milan,8
Milann,1
Miles,13
Millar,8
Millen,2
Miller,36
Milo,19
Miloh,1
Milosz,2
Mils,1
Ming,1
Minh,1
Mirac,1
Miro,1
Miroslav,1
Mirthik,1
Mirza,3
Misael,1
Mishka,1
Mitch,1
Mitchel,2
Mitchell,11
Mithran,1
Mjd,1
Mohamad,2
Mohamed,9
Mohammad,28
Mohammad-Azaan,1
Mohammed,49
Mohammed-Zayn,1
Mohammednoor,1
Mohand,1
Mohmed,1
Moise,2
Moksh,1
Mololuwa,1
Momen,1
Monder,1
Monroe,4
Monte,2
Montell,1
Montgomery,4
Monty,2
Moray,2
Moreno,1
Morgan,6
Morogh,1
Morris,2
Moruff,1
Mosa,1
Moses,2
Motiejus,1
Mourya,1
Moussa,1
Muaz,1
Muazzam,1
Mubarak,1
Mucaad,1
Mudasir,1
Mufaro,1
Muhab,1
Muhammad,133
Muhammad-Ismaeel,1
Muhammad-Musa,1
Muhammad-Yahya,2
Muhammed,19
Muhannad,1
Muhib,1
Muhmmad,1
Muizz,1
Mujtaba,1
Munachimso,1
Munro,7
Munroe,1
Murdo,14
Murdoh,2
Murphie,1
Murphy,2
Murray,82
Murrey,1
Murron,1
Murtajiz,1
Musa,10
Musab,1
Mustafa,4
Mutasem,1
Myles,46
Mylo,6
Myron,1
Nabahang,1
Nabhan,1
Nabil,1
Nadhi,1
Nadir,1
Nahal,1
Nahele,1
Nahyan,1
Nairn,12
Naithaniel,1
Najam,1
Najm,1
Naly,1
Nameer,1
Naoghas,1
Naphtali,1
Narmeses,1
Nash,1
Nasir,1
Nasser,1
Natan,7
Nataniel,5
Nate,3
Nathan,135
Nathanael,2
Nathaniel,23
Natnael,1
Navith,1
Nayel,2
Ndalo,1
Nedas,1
Neel,1
Neelix,1
Neeyson,1
Negan,1
Neil,3
Neithan,1
Nello,1
Nelson,3
Nenyasha,1
Neo,3
Nero,1
Nestor,1
Nevis,1
Nial,1
Niall,20
Nicholas,26
Nickolas,1
Nicky,2
Nico,21
Nicol,1
Nicolae,2
Nicolas,9
Nicolo,1
Nikita,3
Niklaus,1
Niko,2
Nikodem,8
Nikola,1
Nikolai,4
Nikolaos,2
Nikolas,3
Nilan,1
Niloy,1
Ninghao,1
Nioh,1
Niven,7
Niwar,1
Nixon,4
Nizah,1
Noa,1
Noah,284
Noah-Brave,1
Noah-Cameron,1
Noah-James,1
Noah-Thomas,1
Noel,14
Nojus,1
Nolan,13
Noman,1
Norman,1
Norrie,1
Nour,1
Nova,1
Novah,1
Nuh,1
Nukman,1
Nyall,1
Nyle,3
Oaklee,1
Oaklen,1
Oakley,5
Oaklyn,1
Obaeda,1
Oban,6
Oberyn,1
Obiechina,1
Obinna,1
Ocean,2
Octavian,1
Odhran,16
Odie,1
Odin,19
Odyn,1
Oisin,9
Olaf,6
Olakayomide,1
Olav,1
Ole,1
Oli,1
Oliver,330
Oliver-James,2
Oliver-Lee,1
Olivier,9
Oliwer,1
Oliwier,7
Olixander,1
Olle,1
Olli,1
Ollie,145
Olly,28
Olufolarin,1
Oluwadamilola,1
Oluwademilade,1
Oluwadurotimi,1
Oluwalayomi,1
Oluwatobi,2
Oluwatunmininu,1
Oluyimika,1
Om,1
Omadi,1
Omar,12
Omer,4
Omr,1
Onur,1
Onyedikachukwu,1
Oran,25
Orein,1
Oren,2
Orhan,1
Ori,1
Orie,1
Orin,5
Orion,3
Orlando,2
Ornan,1
Orran,5
Orrin,6
Orryn,1
Oryn,5
Osborn,1
Oscar,174
Oscar-Lee,1
Oscar-William,1
Osezua,1
Osinachi,1
Oskar,27
Oskars,1
Osker,1
Oslo,1
Osman,2
Ossan,1
Ossian,5
Othman,1
Othniel,2
Otis,8
Oto,1
Otto,8
Ouff,1
Owen,68
Ozan,1
Ozinna,1
Ozzie,2
Ozzy,5
Pa-Magidi,1
Paarth,1
Pablo,1
Paddy,2
Padraic,1
Padraig,2
Pahulveer,1
Panagiotis,2
Panashe,1
Paolo,2
Pargat,1
Parker,50
Parker-Ray,1
Parousia,1
Parshwa,1
Pasha,1
Patrick,49
Patrick-James,1
Patton,1
Paul,26
Pawel,1
Pax,1
Payson,1
Payton,1
Pearce,1
Pearse,1
Pedro,2
Pei,1
Percy,2
Perez,1
Perry-Barima,1
Perwer,1
Petar,1
Peter,36
Peter-James,1
Petr,1
Petros,1
Philip,8
Phillip,1
Phoenix,9
Pierce,3
Pierre,2
Porter,2
Prabdeep,1
Pranav,1
Prayan,2
Presley,1
Preston,12
Prestonn,1
Prince,2
Princeton,1
Qais,2
Qiaohan,1
Qixuan,1
Quentin,1
Quhay,1
Quhey,1
Quincy,1
Quinlan,1
Quinn,31
Quintin,1
Quinton,1
Raaed,1
Raamiz,1
Radhav,1
Radwan,1
Rae,2
Raed,1
Raees,1
Raf,1
Rafa,1
Rafael,4
Rafay,1
Rafe,2
Raffael,1
Rafferty,1
Ragan,1
Ragnar,2
Rahen,1
Raiden,4
Raif,1
Raife,3
Raigan,1
Raine,1
Rainn,1
Raith,1
Raiyan,1
Raja,2
Ralph,16
Ralphie,7
Ralphy,3
Ralston,1
Rami,1
Ramin,1
Ramis,1
Ramsay,6
Ramsey,2
Ramy,1
Rana,1
Rand,1
Randev,1
Ranjit,1
Rannoch,2
Ranny,1
Ransher,1
Ranulf,1
Ranulph,1
Raouf,1
Raoul,1
Rapha,1
Raphael,4
Rares-Gabriel,1
Rasan,1
Rasul,1
Rattakorn,1
Rauiri,1
Raul,1
Raul-Gabriel,1
Raven,1
Rawand,1
Ray,4
Rayaan,4
Rayan,3
Rayid,1
Rayleigh,1
Raymond,5
Rayne,2
Rayyan,4
Reagan,10
Reave,1
Reddington,1
Reddox,1
Reece,21
Reeco,1
Reegan,7
Reese,1
Reeve,1
Regan,5
Reggie,32
Reggie-Alexander,1
Reggie-David,1
Regi,1
Reginald,2
Rehaan,1
Rehan,1
Reid,4
Reiff,1
Reigan,1
Reign,1
Reilly,7
Remi,3
Remus,1
Remy,9
Ren,1
Reni,3
Renit,1
Rennie,2
Reno,1
Renzo,1
Reo,1
Reoch,1
Reuben,96
Revan,1
Rex,11
Reyan,1
Reyansh,1
Reyo,1
Rhaegar,1
Rhaydn,1
Rheign,1
Rheo,2
Rhett,1
Rhiley,1
Rhodric,1
Rhogan,2
Rhogyn,1
Rhonan,1
Rhu,1
Rhuairidh,3
Rhuari,1
Rhuaridh,4
Rhude,1
Rhudi,3
Rhudy,1
Rhuiri,2
Rhuri,1
Rhyder,1
Rhyland,1
Rhyle,1
Rhyley,1
Rhys,49
Riagan,1
Rian,4
Ricco,6
Richard,13
Richie,2
Richy,1
Ricksen,3
Ricky,2
Rico,4
Ridaan,1
Ridhaan,1
Ridwan,2
Rihaan,1
Riley,91
Riley-James,1
Rio,20
Riordan,1
Rios,1
Ripley,1
Rishaan,1
Rishi,1
Ritchie,2
Rithan,1
Rivan,1
River,18
Rixon,1
Riyad,1
Riyan,1
Riyansh,3
Riyon,1
Roan,6
Roary,1
Robbie,60
Robbiealan,1
Robert,109
Robert-John,2
Roberto,1
Roberts,1
Robin,29
Robyn,1
Rocco,23
Rocky,2
Roddy,8
Roderick,4
Rodrick,1
Rodrigo,3
Rodwell,1
Rodwin,1
Rody,1
Roen,2
Rogan,8
Roghan,1
Rognvald,1
Rohaan,1
Rohaib,1
Roham,1
Rohan,13
Rohan-Dhu,1
Rohit,1
Roighri,1
Rojava,1
Rojus,1
Rokas,2
Roland,1
Rolf,1
Rollo,1
Roman,48
Roman-John,1
Roman-Kael,1
Romano,2
Rome,1
Romeo,5
Ronald,3
Ronan,28
Roni,1
Ronin,5
Ronnie,14
Roop,1
Rorey,1
Rori,1
Rorie,1
Rorin,1
Rory,280
Rory-Jack,1
Rory-Ronald,1
Roschdy,1
Roscoe,2
Roshan,1
Ross,57
Rossa,1
Rossi,1
Rowan,35
Rowen,1
Roy,3
Royale,1
Ruach,1
Ruadhan,3
Ruaidhri,1
Ruairdh,1
Ruairi,18
Ruairidh,49
Ruan,4
Ruaraidh,4
Ruari,12
Ruaridh,70
Ruary,1
Ruben,33
Rubyn,1
Rudi,14
Rudie,1
Rudolf,1
Rudrapratap,1
Rudwik,1
Rudy,13
Rueban,1
Rueben,5
Rueben-Lee,1
Ruebien,1
Ruedi,1
Rufus,4
Rughved,1
Ruhan,1
Rui,3
Ruis,1
Rumi,2
Rupert,6
Ruri,1
Rury,1
Russell,11
Ryan,104
Ryan-Jay,1
Ryan-Junior,2
Ryan-Kyle,1
Ryder,1
Ryker,4
Rylee,4
Rylee-Thomas,1
Ryleigh,2
Ryley,2
Rylie,1
Ryo,1
Ryszard,4
Ryver,1
Saad,4
Saafin,1
Sachin,1
Safiullah,1
Safwan,1
Saharshith,1
Sahej,1
Saif,1
Saifullah,2
Saim,2
Saint,1
Sajad,1
Sajeel,1
Salaahuddeen,1
Salaar,2
Salah,3
Salahuddin,2
Salar,1
Saleem,2
Salim,1
Salvatore,1
Sam,80
Sambor,1
Sameer,2
Samer,1
Sami,4
Samit,1
Samraht,1
Samson,1
Samuel,107
Samveer,1
Samvik,1
Sana,1
Sanad,1
Sanan,1
Sanda,1
Sandis,1
Sandor,1
Sandy,9
Sankara,1
Sankung,1
Santiago,2
Santino,1
Sanup,1
Sarim,1
Sarkawi,1
Saroak,1
Sarp,1
Sartaj,1
Sasha,1
Sathvik,1
Saul,8
Saurya,1
Sawyer,1
Scotlyn,1
Scott,47
Seamus,7
Sean,35
Seb,5
Sebastian,59
Sebastien,3
Sehbaaz,1
Sekove,1
Selihom,1
Selim,2
Sem,1
Senan,1
Seonaidh,2
Seoras,2
Sephiroth,1
Serdem,1
Sergejs,1
Seth,25
Seumas,5
Severiano,2
Severin,1
Severyn,1
Seyed,1
Shaareh,1
Shae,5
Shafe,1
Shahabuddin,1
Shaheer,1
Shahin,1
Shahmeer,1
Shahveer,1
Shahzaib,1
Shakeel,2
Shaker,1
Sham,1
Shamish,1
Shane,3
Shaun,7
Shawn,2
Shay,38
Shayan,2
Shayar,1
Shaye,4
Shayne,2
Shea,1
Sheeth,1
Sheldon,1
Shepherd,1
Sher,1
Sher-E-Ali,1
Sheumais,1
Shia,1
Shihab,1
Shinoy,1
Shiv,1
Shivaay,2
Shlok,1
Shriyansh,1
Shrutadhi,1
Shubh,1
Siddharth,1
Sidharth,1
Sidney,1
Sigurd,2
Silas,4
Simao,1
Simeon,2
Simion,1
Simon,8
Sinan,1
Sionnach,1
Siwan,1
Siyam,1
Skander,1
Skye,2
Skylar,1
Skyler,1
Sloan,1
Smith,1
Soban,1
Soel,1
Sol,9
Solamh,1
Solomon,6
Somhairle,2
Sonny,58
Soren,3
Sorley,7
Sorren,3
Souradeep,1
Spencer,18
Srestho,1
Stan,2
Stanislaw,7
Stanley,14
Stark,1
Stavros,1
Steaphan,1
Stefan,5
Stefano,1
Stelian,1
Stephen,21
Stephen-Jac,1
Steven,22
Stevie,1
Stewart,7
Stirling,1
Storie,1
Storm,1
Strachan,1
Struan,54
Stuart,8
Stuart-Romeo,1
Styvin,1
Subham,1
Sufyan,1
Sulaimaan,1
Sulaiman,4
Sulien,1
Suliman,1
Sullivan,3
Sultaan,1
Sultan,1
Sunjata,1
Sunny,4
Suryansh,1
Svetozar,1
Syd,2
Syed,7
Szymon,8
T-Jay,1
Taahaa,1
Tabseer,1
Tadeusz,1
Tadhg,3
Taha,1
Tai,2
Taigh,1
Taimoor,1
Taisei,1
Tait,3
Tajus,1
Taksh,1
Takshan,1
Takudzwa,1
Talal,1
Talha,3
Talyn,1
Tam,1
Tamer,1
Tamil,1
Tamunotonye,1
Tanner,2
Tanvik,2
Taren,1
Tarik,1
Taron,1
Tarran,1
Tarush,1
Tate,2
Tawananyasha,1
Tawanda,1
Tayin,1
Taylan,2
Taylor,16
Taylor-John,1
Taym,1
Tayon,1
Ted,4
Teddie,5
Teddy,52
Tedi,1
Teejay,1
Tegh,1
Teigan,1
Tej,1
Tejas,2
Tenzo,1
Teo,1
Teodor,6
Terence,1
Terry,2
Thaniel,1
Thapish,1
Tharvin,1
Theo,177
Theodor,2
Theodore,47
Theodoros,1
Theon,1
Thiago,1
Thibault,1
Thiviksh,1
Thodoris,1
Thom,3
Thomas,251
Thomas-James,1
Thomas-Junior,1
Thompson,1
Thomson,1
Thor,4
Thorfinn,2
Thorin,3
Thorsten,1
Thurston,1
Tiago,3
Tiar,1
Tiberiu,1
Tiberius,1
Tiernan,2
Tierney,2
Tighe,1
Tiime,1
Tilal,1
Timothy,3
Timur,1
Titus,3
Tj,1
Tjaye,1
Tobenna,1
Tobey,1
Tobi,2
Tobias,11
Tobiasz,3
Tobie,1
Toby,36
Tobyn,1
Tom,21
Tomas,2
Tomasz,2
Tommaso,2
Tommi,1
Tommie,2
Tommy,68
Tommy-James,1
Tommy-John,1
Tommy-Lee,1
Tonderai,1
Tony,3
Tor,1
Toran,1
Torben,1
Torcall,1
Toren,2
Torin,10
Torran,5
Torren,2
Torrin,2
Torsten,1
Toryn,2
Travis,21
Travis-Jackie,1
Trevor-Jay,1
Trey,3
Treyson,1
Tristan,14
Tristin,1
Troy,5
Trystan,1
Tucker,3
Turki,1
Ty,2
Tygo,1
Tyler,68
Tyler-James,3
Tyler-Jay,1
Tyler-Reilly,1
Tyler-Sean,1
Tymon,10
Tymoteusz,5
Tyr,3
Tyrone,1
Tyson,1
Ual,1
Ugochukwu,1
Uisdean,2
Ulysses,1
Umar,2
Umayr,1
Unai,1
Uriel,1
Uzay,1
Vaclav,1
Valentin-Dominic,1
Valentine,1
Valentino,1
Valerio,1
Vance,1
Varuneish,1
Vasil-Lazar,1
Vasileios,2
Vasilios,1
Vasilis,1
Vaughn,2
Vedansh,1
Vedant,1
Veer,1
Velyo,1
Venko,1
Vesshant,1
Viaan,1
Vian,1
Victor,9
Vidur,1
Vihaan,1
Vikram,2
Viktor,3
Vilem,1
Viliame,1
Vince,2
Vincent,21
Vinni,1
Vinnie,11
Viom,1
Vishwa,1
Vito,3
Vivaan,3
Vlad,2
Vladimir,2
Vyom,1
Wade,3
Wahid,1
Waleed,1
Walker,5
Wallace,4
Walter,3
Warren,7
Wasif,1
Wassim,1
Watson,2
Wendell,1
Wesley,2
Weston,5
Whit,1
Wiktor,10
Wil,1
Wilber,1
Wilbur,1
Wilfred,6
Will,6
William,153
William-Michael,1
William-Thomas,1
Wilson,2
Wincenty,2
Winter,1
Wisam,1
Wiseman,1
Wit,1
Witold,1
Wladyslaw,1
Wojciech,9
Woodrow,1
Woody,7
Wyatt,13
Wyseroy,1
Xander,17
Xaro,1
Xavier,6
Xiaocheng,1
Xoel,1
Xypher,1
Xzaivier,1
Yacoub,1
Yafet,1
Yahya,8
Yamaan,1
Yamato,1
Yameen,1
Yamen,1
Yanis,1
Yannis,1
Yariq,1
Yas,1
Yaseen,1
Yash,1
Yasin,2
Yasser,2
Yavor,1
Yazid,1
Yeduraj,1
Yehia,1
Yehya,1
Yichen,1
Yiming,1
Yixuan,1
Yizhen,1
Yogan,1
Yonas,1
Yonatan,1
Youcef,1
Younas,1
Younes,3
Yousaf,6
Yousef,7
Yousif,4
Youssef,4
Yousuf,1
Yu,1
Yuankai,1
Yuhang,1
Yuki,1
Yunu,1
Yunus,2
Yusha,1
Yusuf,17
Yuvaan,2
Yuvan,2
Yuvin,1
Yuvraj,3
Zabeeb,1
Zac,57
Zacc,1
Zach,44
Zachariah,2
Zachary,47
Zachery,1
Zack,43
Zackariah,1
Zackariya,1
Zackary,2
Zackery,1
Zaeem,2
Zahid,1
Zahran,1
Zaid,1
Zaiduddin,1
Zain,10
Zak,39
Zakaria,3
Zakariya,8
Zakariyya,3
Zakee,2
Zakeym,1
Zakk,1
Zakkery,1
Zamaar,1
Zaman,1
Zamdar,1
Zand,1
Zander,31
Zane,1
Zanyar,1
Zaram,1
Zariyan,1
Zaroon,1
Zaviyar,1
Zax,1
Zayaan,4
Zayan,4
Zayd,2
Zayden,1
Zaydyn,1
Zayed,1
Zayn,20
Zayne,7
Zaynul,1
Zayyan,3
Zbigniew,1
Ze,1
Zebedee,1
Zeeshan,1
Zekari,1
Zeke,2
Zekeriya,1
Zenn,1
Zente,1
Zephyr,2
Zeus,1
Zeyd,1
Zhen,1
Zhihan,1
Zhu,1
Zi,1
Zico,1
Zidan,3
Zidane,1
Ziggy,3
Zikai,1
Zion,3
Ziwar,1
Zohaib,3
Zorawar,1
Zostera,1
Zsombor,1
Zubayr,1
Zuhair,1
Zuraib,1
Zuriel,1
